{
  "G_total": [
    8.750904365031644,
    18.803897857666016,
    8.81274100801637,
    7.478888030975096,
    19.177589416503906,
    8.88307338183926,
    7.439968337935786
  ],
  "D_A": [
    0.40521187901116973,
    1.937803864479065,
    0.403247942426993,
    0.2403651195082573,
    1.7013945579528809,
    0.40490840965010705,
    0.24717339220637036
  ],
  "D_B": [
    0.39954882492298105,
    2.062127113342285,
    0.39387951254273856,
    0.24339207352679823,
    3.5331534147262573,
    0.39973901007174245,
    0.2365152749247969
  ]
}