{"_timestamp":1.75803693166511e+09,"_step":3530,"train/loss_G":6.40006160736084,"train/loss_cycle_A":1.7220853567123413,"train/loss_cycle_B":2.833954095840454,"_wandb":{"runtime":500},"train/loss_D_A":0.40617573261260986,"train/generated_images":{"width":1756,"height":1231,"_type":"image-file","sha256":"13893900465a24b5cb993e440269d00b8c6d572a019d03ef8984027ef230d88b","size":2739073,"path":"media/images/train/generated_images_3530_13893900465a24b5cb99.png","format":"png"},"train/loss_D_B":0.2910800278186798,"epoch":2,"_runtime":500}